SMILES,E_0
ClCC(Cl)(Cl)Cl,-1340.42357
CC(Cl)(Cl)Cl,-1087.24544
ClC(Cl)C(Cl)Cl,-1340.37369
ClCC(Cl)Cl,-1087.12707
FC(F)(Cl)C(F)(Cl)Cl,-2443.92863
CC(Cl)Cl,-833.87608
ClC(=C)Cl,-805.843
CCOC(C)OCC,-1516.80193
Clc1ccc(Cl)c(Cl)c1Cl,-1831.44511
C1CCc2ccccc2C1,-1390.55956
Clc1cc(Cl)c(Cl)c(Cl)c1,-1831.49117
Clc1cccc(Cl)c1Cl,-1578.03627
Cc1cccc(C)c1C,-1267.92662
Brc1cc(Br)c(Br)cc1Br,-1653.16217
Clc1cc(Cl)c(Cl)cc1Cl,-1831.48898
Cc1cc(C)c(C)cc1C,-1418.09343
c1(Br)c(Br)cc(Br)cc1,-1444.31896
Clc1ccc(Cl)c(Cl)c1,-1578.08959
Cc1ccc(C)c(C)c1,-1267.98635
Oc1ccccc1O,-1408.16457
Brc1ccccc1Br,-1235.42735
BrCCBr,-744.76652
Clc1ccccc1Cl,-1324.60118
ClCCCl,-833.78959
CC(Cl)CCl,-984.00017
FC(F)(Cl)C(F)(F)Cl,-2642.91505
CCOCCOCC,-1516.52754
CCc1ccccc1CC,-1417.65145
O=N(=O)c1ccccc1N(=O)=O,-2337.98486
CC1CO1,-743.66244
Brc1cc(Br)cc(Br)c1,-1444.33435
Clc1cc(Cl)cc(Cl)c1,-1578.14091
Cc1cc(C)cc(C)c1,-1268.04435
O=N(=O)c1cc(cc(c1)N(=O)=O)N(=O)=O,-3098.42951
Oc1cccc(O)c1,-1408.50688
C=CC=C,-571.18771
Brc1cccc(Br)c1,-1235.45137
Clc1cccc(Cl)c1,-1324.66297
ClCCCCl,-983.86275
CCNC(=S)NCC,-1325.76714
Fc1cccc(F)c1,-1722.016
Cc1cc(C)c2ccccc2c1,-1636.09264
O=N(=O)c1cccc(c1)N(=O)=O,-2338.29283
Oc1ccc(O)cc1,-1408.38729
C1C=CCC=C1,-844.34253
Brc1ccc(Br)cc1,-1235.45641
Clc1ccc(Cl)cc1,-1324.66729
CCc1ccc(CC)cc1,-1417.74862
Fc1ccc(F)cc1,-1721.99092
Cc1ccc(C)c2ccccc12,-1636.04057
O=N(=O)c1ccc(cc1)N(=O)=O,-2338.29268
C=CCC=C,-721.1367
Cc1cccc2c(C)cccc12,-1636.04763
C=CCCC=C,-871.09007
c1cnc2c(c1)ccc3ncccc23,-1953.61987
CC12CCC(CC1)C(C)(C)O2,-1767.70974
CC1(O)CCC2C3CCC4=CC(=O)CCC4(C)C3CCC21C,-3453.71713
Nc2cccc3nc1ccccc1cc23 ,-2103.49184
CC(C)CBr,-835.84344
CCCCBr,-835.76112
CCCCCCCBr,-1285.69838
CCCCCCBr,-1135.76374
Brc1cccc2ccccc12,-1544.72231
CCCCCCCCBr,-1435.62865
CCCCCBr,-985.77706
CCCBr,-685.86371
CCCCO,-922.09933
CCC=C,-599.03976
CCC#C,-571.08172
ClCCBr,-789.29224
ClCC(C)C,-880.43859
CCCCCl,-880.38298
CCCCCCCCl,-1330.19267
CCCCCCCl,-1180.28613
Clc1cccc2ccccc12,-1589.38801
CCCCCCl,-1030.29997
CCCCl,-730.43275
CCCCCCCCCCO,-1821.77443
CCCCCCCCC=C,-1498.72041
CCCCCCCCCCCCO,-2121.68282
CCc1cccc2ccccc12,-1635.81659
CCCCCCCO,-1371.92002
CCCCCC=C,-1048.90689
CCCCCC#C,-1020.96231
CCCCCCCCCCCCCCCCO,-2721.50398
CCCCCCO,-1222.03098
CCCCC=C,-898.95789
CCCC(O)C=C,-1194.27321
CCCCC#C,-870.96101
CCCCI,-836.78799
CCCCCCCI,-1286.66219
Ic1cccc2ccccc12,-1545.62573
CCCI,-686.83775
CC1=CCCCC1,-1022.17247
Cc1cccc2c1Cc3ccccc32,-1881.45632
Cc1cccc2ccccc12,-1485.93978
Cc1cccc2c1ccc3ccccc32,-2004.24964
Cn1ccc(=O)[nH]c1=O,-1658.8455
Oc1cccc2ccccc12,-1631.22796
Nc1cccc2ccccc12,-1535.50731
O=N(=O)c1cccc2ccccc12,-2096.15498
CCCN(=O)=O,-1237.3902
CCCCCCCCCO,-1671.73874
CCCCCCCC=C,-1348.81882
CCCCCCCC#C,-1320.83366
CCCCCCCCCCCCCCCCCCO,-3021.39896
CCCCCCCCO,-1521.91469
CCCCCCC=C,-1198.8405
CCCCCCC#C,-1170.94911
CCCCCCCCCCCCCCCO,-2571.44997
CCCCCO,-1072.06374
CCCC=C,-748.98789
CCCC#C,-721.03416
CC(O)c1ccccc1,-1412.9578
CCCO,-772.15743
CCCCCCCCCCCCCCO,-2421.57872
Clc1c(Cl)c(Cl)c(c(Cl)c1Cl)c2c(Cl)c(Cl)c(Cl)c(Cl)c2Cl ,-4143.01413
Clc1cc(c(Cl)c(Cl)c1Cl)c2cc(Cl)c(Cl)c(Cl)c2Cl,-3636.13374
Clc1ccc(c(Cl)c1Cl)c2ccc(Cl)c(Cl)c2Cl ,-3129.35759
Clc1cc(Cl)c(Cl)c(c1Cl)c2c(Cl)c(Cl)cc(Cl)c2Cl ,-3636.34653
Clc1cccc(c1Cl)c2c(Cl)c(Cl)cc(Cl)c2Cl ,-3129.42828
Clc1cccc(c1Cl)c2cccc(Cl)c2Cl,-2622.50674
Clc1ccc(c(Cl)c1)c2c(Cl)c(Cl)c(Cl)c(Cl)c2Cl,-3382.83013
Clc1ccc(Cl)c(c1)c2c(Cl)c(Cl)c(Cl)c(Cl)c2Cl,-3382.82172
Clc1ccc(Cl)c(c1)c2cc(Cl)c(Cl)c(Cl)c2Cl,-3129.39054
Clc1cc(Cl)c(cc1Cl)c2cccc(Cl)c2Cl ,-2875.97228
Clc1ccc(c(Cl)c1)c2c(Cl)ccc(Cl)c2Cl ,-2876.10196
Clc1ccc(Cl)c(c1)c2c(Cl)c(Cl)cc(Cl)c2Cl ,-3129.48688
Clc1ccc(Cl)c(c1)c2cccc(Cl)c2Cl ,-2622.57004
CC(C)C(C)(C)C,-1076.76075
Clc1cc(Cl)c(cc1Cl)c2cc(Cl)c(Cl)cc2Cl ,-3129.44527
Clc1cc(Cl)c(c(Cl)c1)c2c(Cl)cc(Cl)cc2Cl ,-3129.68496
Clc1ccc(c(Cl)c1)c2cc(Cl)ccc2Cl ,-2622.62305
Clc1cc(Cl)c(c(Cl)c1)c2c(Cl)cccc2Cl,-2876.21521
CC(C)CC(C)(C)C,-1226.7141
CC(C)CCC(C)(C)C,-1376.75439
Clc1cccc(Cl)c1c2c(Cl)cccc2Cl ,-2622.74119
CCC(C)(C)CO,-1222.05024
CCC(C)(C)C,-926.85463
CCCC(C)(C)C,-1076.82149
CCCC(C)(C)CO,-1372.00399
CC(C)(C)CO,-1072.15187
Clc1ccccc1c2ccccc2Cl ,-2115.60766
Clc1ccc(cc1Cl)c2cc(Cl)c(Cl)c(Cl)c2Cl ,-3129.2749
Clc1ccc(c(Cl)c1Cl)c2c(Cl)cc(Cl)c(Cl)c2Cl ,-3382.85632
Clc1ccc(c(Cl)c1)c2cc(Cl)c(Cl)c(Cl)c2Cl ,-3129.38578
Clc1ccc(c(Cl)c1)c2ccc(Cl)c(Cl)c2Cl ,-2875.99988
Clc2c(Cl)c(Cl)c(c1ccccc1)c(Cl)c2Cl ,-2875.72555
Clc1ccc(Cl)c(c1)c2ccc(Cl)c(Cl)c2,-2622.50987
Oc1cc(Cl)c(Cl)c(Cl)c1Cl,-2126.77547
Oc1c(Cl)cc(Cl)c(Cl)c1Cl,-2126.7778
Clc1ccc(cc1)c2cccc(Cl)c2Cl ,-2369.01041
Clc1ccc(cc1)c2cccc(Cl)c2Cl ,-2369.01004
Oc1ccc(Cl)c(Cl)c1Cl,-1873.41852
CC(C)C(C)C(C)C,-1226.6163
Oc1c(Cl)c(Cl)cc(Cl)c1Cl,-2126.80273
Clc1cccc(c1)c2cc(Cl)ccc2Cl ,-2369.06182
Oc1cc(Cl)cc(Cl)c1Cl,-1873.48901
Oc1c(Cl)ccc(Cl)c1Cl,-1873.39166
O=N(=O)c1c(Cl)c(Cl)ccc1,-2084.80101
Oc1cccc(Cl)c1Cl,-1619.94329
CC(=C)C(=C)C,-871.40942
CC(C)C(C)C,-926.79811
Cc1cc2ccccc2cc1C,-1636.08779
CCC(C)C(C)C,-1076.72449
Cc1cccnc1C,-1167.62342
Clc1ccc(cc1)c2cc(Cl)ccc2Cl ,-2369.07186
Clc1ccc(cc1)c2cc(Cl)ccc2Cl ,-2369.07233
Oc1cc(Cl)c(Cl)cc1Cl,-1873.41062
Clc1ccc(cc1)c2c(Cl)cccc2Cl ,-2369.11526
Oc1c(Cl)cc(Cl)cc1Cl,-1873.41469
Cc1cc(C)c(O)c(C)c1,-1563.367
Cc1c(cc(cc1N(=O)=O)N(=O)=O)N(=O)=O,-3248.51868
Oc1ccc(Cl)cc1Cl,-1620.03567
CC(C)CC(C)(C)O,-1372.23539
CC(C)C(O)C(C)C,-1372.09338
CC(C)C(=O)C(C)C,-1344.92937
CC(C)CC(C)C,-1076.69939
Cc1ccc(O)c(C)c1,-1413.2566
Cc1ccnc(C)c1,-1167.6957
Cc1ccc(cc1N(=O)=O)N(=O)=O,-2488.46392
Clc1ccc(cc1)c2ccccc2Cl ,-2115.55671
Clc1ccc(cc1)c2ccccc2Cl ,-2115.55645
Oc1c(Cl)cccc1Cl,-1619.95148
Cc1ccc2cc(C)ccc2c1,-1636.13185
Cc1cccc(C)c1O,-1413.23599
Cc1cccc(C)n1,-1167.67399
Cc1c(cccc1N(=O)=O)N(=O)=O,-2488.3579
Clc1cccc(Cl)c1c2ccccc2 ,-2115.55474
c2c(C)cc1nc(C)ccc1c2 ,-1685.86605
Nc3ccc2cc1ccccc1cc2c3 ,-2053.89513
c1c(Br)ccc2ccccc12 ,-1544.77327
Brc1ccc2ccccc2c1,-1544.77333
CC(C)Br,-685.98026
Cc1ccccc1Br,-1176.67659
CCC(=O)C,-895.10299
CC=CC=O,-866.9478
CCCCOCCO,-1516.81749
CCC(C)(C)Cl,-1030.71666
COc1ccccc1Cl,-1516.01448
Clc1ccccc1c2ccccc2,-1861.99078
CCC(C)Cl,-880.60554
Clc1ccc2ccccc2c1,-1589.38354
Oc1ccccc1Cl,-1366.5348
CC(C)Cl,-730.62167
Cc1ccccc1Cl,-1221.33094
NC(N)=NC#N ,-1043.85384
CCCCCCCCC(=O)C,-1794.87228
CCc1ccccn1,-1167.44258
CCC(CC)CO,-1221.96018
CCCCC(CC)CO,-1521.90358
CCCC=C(CC)C=O,-1466.89451
CCC(CC)C=O,-1194.56575
CCCCC(CC)C=O,-1494.49212
CCc1ccc2ccccc2c1,-1635.91431
CCc1ccccc1C,-1267.76758
CCCCCC(C)O,-1372.19314
CCCCCC(=O)C,-1344.93233
CCCCC(C)O,-1222.10633
CCCCC(=O)C,-1195.03466
Oc2ncc1nccnc1n2,-1829.69691
Oc1ccccn1,-1162.95475
CC(C)I,-686.88884
CC(C)c1ccccc1C,-1417.62338
COc2ncc1nccnc1n2,-1979.18395
CC=C(C)C,-749.33145
CC(=C)C=C,-721.30693
CCC(=C)C,-749.19259
CCCC(=C)C,-899.13999
CCCCCC(C)(C)O,-1522.20744
CCCCC(C)(C)O,-1372.1907
CCCC(C)(C)O,-1222.2404
CCC(O)C(C)C,-1222.10794
Cc1ccc2cc3ccccc3cc2c1,-2004.08732
CCC(C)(C)O,-1072.33314
CCC(C)C,-776.86901
CCC(C)CO,-1071.98895
CCCCCC(C)C,-1226.70143
Cc1ccc2ccccc2c1,-1485.97518
CCCC(C)C,-926.80369
CCCC(C)CO,-1222.02166
Cc1ccc2c(ccc3ccccc32)c1,-2004.30262
Cc1ccccc1O,-1263.12209
CC(C)CO,-922.12098
CC(C)C,-626.9334
CC(=C)C,-599.25944
Cc2ncc1nccnc1n2,-1684.44119
CC1CCCO1,-1044.71289
Oc1ccc2ccccc2c1,-1631.28305
CC(C)N(=O)=O,-1237.45393
CCCCCCCC(C)O,-1671.94063
CCCCCCCC(=O)C,-1644.8982
CCCCCCC(C)O,-1522.04343
CCCCCCC(=O)C,-1494.90562
CCCC(C)O,-1072.18838
CCCC(=O)C,-1045.05979
OCCOc1ccccc1,-1707.69071
CC(C)O,-772.26972
O=C1CCCN1,-1067.93603
CCCCCCCCCC(C)O,-1971.91069
CC(C)(C)CCO,-1222.08955
CC(O)C(C)(C)C,-1222.14576
CC(=O)C(C)(C)C,-1195.05156
CCC(C)(C)CC,-1076.66572
O=N(=O)c1cc(Cl)c(Cl)cc1,-2084.90085
Oc1ccc(Cl)c(Cl)c1,-1619.87372
Cc1ccc(O)cc1C,-1413.27969
Cc1ccncc1C,-1167.63136
Clc1ccc(cc1Cl)c2ccccc2 ,-2115.40957
Oc1cc(Cl)cc(Cl)c1,-1619.94205
Cc1cc(C)cc(O)c1,-1413.3675
Cc1cncc(C)c1,-1167.64928
O=C1N(COC(=O)CCC)C(=O)C(N1)(c2ccccc2)c3ccccc3,-4280.66025
COc1cccc(Cl)c1,-1516.1248
c1c(Cl)cccc1c2ccccc2,-1861.95237
Oc1cccc(Cl)c1,-1366.4363
ClCCC#N ,-875.30354
O=C1N(COC(=O)C)C(=O)C(N1)(c2ccccc2)c3ccccc3,-3980.7551
CCC(O)(CC)CC,-1372.14162
CCCCC(O)CC,-1372.13181
O=C1N(COC(=O)CCCCCC)C(=O)C(N1)(c2ccccc2)c3ccccc3,-4730.53383
CCCC(O)CC,-1222.16712
CCCC(=O)CC,-1194.95485
O=C1N(COC(=O)CCCCC)C(=O)C(N1)(c2ccccc2)c3ccccc3,-4580.57322
CCC#CCC,-871.2358
CC(C)C=C,-748.97718
CC(C)C(C)O,-1072.25936
CC(C)C(=O)C,-1045.06567
CCC(C)CCO,-1221.97594
CCC(C)CCO,-1222.01111
CCC(C)C(=O)C,-1195.0157
CCCCC(C)(O)CC,-1522.15417
CCCC(C)(O)CC,-1372.12798
CCC(C)(O)CC,-1222.22726
CC(C)CCO,-1072.09496
c1cc(C)cc2c1c3cc4cccc5CCc(c45)c3cc2,-2795.29856
CCCCC(C)CC,-1226.6444
Cc1c[nH]c2ccccc12 ,-1412.88461
CCC(C)CC,-926.79995
Cc1cccc(O)c1,-1263.19441
CCCCCC(O)CC,-1521.9946
O=C1N(COC(=O)CCCCCCC)C(=O)C(N1)(c2ccccc2)c3ccccc3,-4880.48303
CCC(O)CC,-1072.13955
CCC(=O)CC,-1045.02053
O=C1N(COC(=O)CCCC)C(=O)C(N1)(c2ccccc2)c3ccccc3,-4430.60126
O=C1N(COC(=O)CC)C(=O)C(N1)(c2ccccc2)c3ccccc3,-4130.72309
Clc1ccc(cc1)c2ccc(Cl)cc2 ,-2115.52095
Oc1ccc(Br)cc1,-1321.9696
Cc1ccc(Br)cc1,-1176.69323
COc1ccc(Cl)cc1,-1516.09239
Oc1ccc(Cl)cc1,-1366.56875
Cc1ccc(Cl)cc1,-1221.29974
CCc1ccc(C)cc1,-1267.8092
CCCC(O)CCC,-1372.06746
CCCC(=O)CCC,-1344.94914
c1(O)cc(O)ccc1CCCCCC,-2308.35647
Oc1ccncc1,-1162.82006
CC(C)c1ccc(C)cc1,-1417.76575
COc1ncnc2nccnc12 ,-1979.3673
CC(C)CC(C)O,-1222.22418
CC(C)CC(=O)C,-1195.06538
Cc1ccc(cc1)c2ccccc2,-1758.54242
CC(C)CCCO,-1221.99772
Cc1ncnc2nccnc12,-1684.47968
CC(=O)Nc1ccc(cc1)N(=O)=O,-2346.46353
OCCCC=C,-1044.13337
O=C1NC(=O)NC(=O)C1(CC)CC=C(C)C,-2827.16493
O=C1NC(=O)NC(=O)C1(C(C)C)CC=C(C)C,-2977.14473
O=C1NC(=O)NC(=O)C1(CC=C)CC=C,-2649.01142
O=C1NC(=O)NC(=O)C1(C(C)C)C(C)C,-2704.6122
O=C1NC(=O)NC(=O)C1(C)C,-2105.00411
Oc2ccc1CCCCc1c2 ,-1686.0804
Cc1c(C)c2c3ccccc3ccc2c4ccccc14,-2672.2786
O=C1NC(=O)NC(=O)C1(CC)CC=C,-2526.85798
O=C1NC(=O)NC(=O)C1(C(C)C)CC=C,-2676.82547
O=C1NC(=O)NC(=O)C1(C)CC=C,-2376.96017
O=C1NC(=O)NC(=O)C1(CC=C)c1ccccc1,-3017.46005
O=C1NC(=O)NC(=O)C1(CC)CCC(C)C,-2854.74752
O=C1NC(=O)NC(=O)C1(CC)C(C)C,-2554.77152
O=C1NC(=O)NC(=O)C1(CC)c1ccccc1,-2895.40443
Fc1c[nH]c(=O)[nH]c1=O ,-1960.96106
Oc1cccc2ncccc12 ,-1681.00122
O=C1NC(=O)NC(=O)C1(C)CC,-2254.88826
c1cccc2c3c(C)cc4ccccc4c3ccc12,-2522.2846
Nc1c(C)c[nH]c(=O)n1 ,-1563.05708
CCCCC(=O)CCCC,-1644.8378
Nc3cc2c1ccccc1ccc2c4ccccc34 ,-2572.27362
Oc2ccc1ncccc1c2 ,-1680.9895
COc2cnc1ncncc1n2,-1979.32092
Cc1cc2c3ccccc3ccc2c4ccccc14,-2522.49937
Cc1c2ccccc2c(C)c3ccc4ccccc4c13,-2672.15255
COc2cnc1cncnc1n2,-1979.43177
Cc2cnc1cncnc1n2,-1684.47989
Oc1cccc2cccnc12 ,-1681.06419
Cc1c2ccccc2c(C)c3ccccc13,-2153.96192
c3ccc2c(O)c1ccccc1cc2c3 ,-2149.32977
Cc1c2ccccc2cc3ccccc13,-2003.96022
COP(=S)(OC)Oc1ccc(Sc2ccc(OP(=S)(OC)OC)cc2)cc1,-4893.41034
C1Cc2cccc3cccc1c23,-1608.68564
C1=Cc2cccc3cccc1c23,-1580.57482
COP(=O)(NC(C)=O)SC ,-2053.65508
CC(=O)N,-795.38433
CC(=O)Nc1ccccc1,-1585.95077
CC(=O)Nc1nnc(s1)S(N)(=O)=O ,-2556.12108
CC#N,-471.97781
CC(=O)c1ccccc1,-1385.73454
CC(=O)N(S(=O)c1ccc(N)cc1)c2onc(C)c2C ,-3419.48748
c3ccc2nc1ccccc1cc2c3,-1903.57503
C=CC=O,-716.77595
C=CC#N,-593.96645
Nc1ncnc2nc[nH]c12 ,-1611.75218
CC34CC(=O)C1C(CCC2=CC(=O)CCC12C)C3CCC4(=O) ,-3544.926
CCc1cccc(CC)c1N(COC)C(=O)CCl ,-3034.07253
CC13CCC(=O)C=C1CCC4C2CCC(C(=O)CO)C2(CC(O)C34)C=O ,-4434.29852
ClC1=C(Cl)C2(Cl)C3C4CC(C=C4)C3C1(Cl)C2(Cl)Cl,-3181.71038
NC(=O)NC1NC(=O)NC1=O ,-2204.35068
C=CCS(=O)SCC=C,-1519.24884
O=c1[nH]cnc2[nH]ncc12 ,-1707.48877
O=C1NC(=O)C(=O)C(=O)N1 ,-2072.09275
C1(=O)NC(=O)NC(=O)C1(O)C2(O)C(=O)NC(=O)NC2(=O),-4172.75159
CN(C)c1nc(nc(n1)N(C)C)N(C)C,-2465.50919
CCNc1nc(NC(C)C)nc(SC)n1,-2443.5663
OCC3OC(OCC2OC(OC(C#N)c1ccccc1)C(O)C(O)C2O)C(O)C(O)C3O ,-6255.01112
CNC(=O)Oc1ccc(N(C)C)c(C)c1,-2530.23597
CN(C)c2c(C)n(C)n(c1ccccc1)c2=O ,-2678.76155
Nc1nccs1 ,-971.25117
CN(C=Nc1ccc(C)cc1C)C=Nc2ccc(C)cc2C,-3202.64202
Nc1nc[nH]n1,-1043.4684
CCC1(CCC(C)C)C(=O)NC(=O)NC1=O,-2854.68769
Cc2c(N)c(=O)n(c1ccccc1)n2C,-2379.33731
COc1ccc(cc1)C(O)(C2CC2)c3cncnc3 ,-3019.84919
CC34CCC1C(CCC2=CC(=O)CCC12C)C3CCC4=O,-3276.74929
CC12CCC(O)CC1CCC3C2CCC4(C)C3CCC4=O,-3330.95062
COc1ccc(C=CC)cc1,-1684.89764
Nc1ccccc1,-1017.52557
COP(=S)(OC)SCC(=O)N(C(C)C)c1ccc(Cl)cc1,-3724.1337
COc1ccccc1,-1262.53456
c1ccc2cc3ccccc3cc2c1,-1853.9281
O=C1c2ccccc2C(=O)c3ccccc13,-2417.43792
Cc1cc(=O)n(c2ccccc2)n1C,-2179.62935
CCCC1C(=O)N3N(C1=O)c2cc(C)ccc2N=C3N(C)C ,-3569.90353
OC4=C(C1CCC(CC1)c2ccc(Cl)cc2)C(=O)c3ccccc3C4=O,-4111.26856
CCNc1nc(NC(C)C)nc(OC)n1,-2561.76229
CCNc1nc(Cl)nc(NC(C)C)n1,-2370.13703
CCN(CC)C(=O)CSc1ccc(Cl)nn1,-2714.57467
N(=Nc1ccccc1)c2ccccc2,-1979.37028
CNC(=O)C=C(C)OP(=O)(OC)OC,-2889.93038
ClCC#CCOC(=O)Nc1cccc(Cl)c1,-2782.23856
O=C1NC(=O)NC(=O)C1(CC)CC,-2404.85183
NS(=O)(=O)c3cc2c(NC(Cc1ccccc1)NS2(=O)=O)cc3C(F)(F)F,-5522.43478
CCCCN(CC)c1c(cc(cc1N(=O)=O)C(F)(F)F)N(=O)=O,-4944.36262
CCOC(=O)CCN(SN(C)C(=O)Oc1cccc2CC(C)(C)Oc21)C(C)C,-4888.42039
c1c(NC(=O)c2ccccc2(I))cccc1,-2436.29743
CCCCNC(=O)n1c(NC(=O)OC)nc2ccccc12,-3593.58899
CC(C)OP(=S)(OC(C)C)SCCNS(=O)(=O)c1ccccc1,-4119.93223
O=Cc1ccccc1,-1235.41107
NC(=O)c1ccccc1,-1435.88515
c1ccccc1,-817.56194
c1ccccc1C(O)c2ccccc2,-2053.56287
O=C(Cn1ccnc1N(=O)=O)NCc2ccccc2,-3262.77866
C1c2ccccc2c3ccc4ccccc4c13,-2249.52813
c1ccc2c(c1)cc3ccc4cccc5ccc2c3c45,-2618.16354
c1ccc2c(c1)c3cccc4c3c2cc5ccccc54,-2617.61749
C1c2ccccc2c3cc4ccccc4cc13,-2249.5998
c1ccc2c(c1)c3cccc4ccc5cccc2c5c43,-2618.26172
c1ccc2c3c(ccc2c1)c4cccc5cccc3c45,-2617.39288
c1ccc2cc3c4cccc5cccc(c3cc2c1)c45,-2617.55073
c1cc2ccc3ccc4ccc5cccc6c(c1)c2c3c4c56,-2864.15952
CCOC(=O)c1ccc(N)cc1,-2031.1513
OC(C(=O)c1ccccc1)c2ccccc2,-2471.46199
N#Cc1ccccc1,-1112.56541
O=C(c1ccccc1)c2ccccc2,-2026.27313
c2ccc1scnc1c2 ,-1289.669
c2ccc1[nH]nnc1c2,-1361.46505
c2ccc1ocnc1c2,-1407.60605
ClCc1ccccc1,-1221.15483
FC(F)(F)c1ccccc1,-2324.79579
NC(=O)NCc1ccccc1 ,-1785.8052
CCCCC(=O)OC3(C(C)CC4C2CCC1=CC(=O)C=CC1(C)C2(F)C(O)CC34C)C(=O)CO,-6054.69529
C(Cc1ccccc1)c2ccccc2,-1908.35141
c1ccc(cc1)c2ccccc2,-1608.3843
c2ccc1nc(ccc1c2)c4ccc3ccccc3n4 ,-2744.18464
CC1(C)C2CCC1(C)C(O)C2,-1767.22496
CCC(C)n1c(=O)[nH]c(C)c(Br)c1=O ,-2467.80114
OC(CC(c1ccccc1)c3c(O)c2ccccc2oc3=O)c4ccc(cc4)c5ccc(Br)cc5 ,-5398.24056
Brc1ccccc1,-1026.53098
ClCBr,-639.06042
BrC(Cl)Cl,-892.25081
CCBr,-535.91192
CBr,-385.87371
COP(=S)(OC)Oc1cc(Cl)c(Br)cc1Cl,-3087.69775
CC(C)OC(=O)C(O)(c1ccc(Br)cc1)c2ccc(Br)cc2 ,-3634.90817
Oc1c(Br)cc(C#N)cc1Br ,-1825.66197
c1ccccc1n2ncc(N)c(Br)c2(=O),-2411.53658
CCCCc1c(C)nc(NCC)nc1OS(=O)(=O)N(C)C ,-3729.25485
O=C1NC(=O)NC(=O)C1(CC)C(C)CC,-2704.68606
c1(C(C)(C)C)cc(C(C)(C)C)cc(OC(=O)NC)c1,-3079.88754
CCCCOCN(C(=O)CCl)c1c(CC)cccc1CC ,-3483.73605
CCC(C)C1(CC(Br)=C)C(=O)NC(=O)NC1=O ,-3035.72726
CCCCOC(=O)c1ccc(N)cc1,-2331.03821
CCC(C)O,-922.21262
CCCC,-626.90092
CCCCS,-803.62118
CCCCC1(CC)C(=O)NC(=O)NC1=O,-2704.64834
CN1CC(O)N(C1=O)c2nnc(s2)C(C)(C)C,-2956.56877
CC(C#C)N(C)C(=O)Nc1ccc(Cl)cc1,-2582.84561
CCCCOC=O,-1340.19499
CCSC(=O)N(CC(C)C)CC(C)C,-2321.17772
CCCCc1ccccc1,-1417.59057
CCCC=O,-894.73107
Cn1cnc2n(C)c(=O)n(C)c(=O)c12,-2453.26709
CC1(C)C2CCC1(C)C(=O)C2,-1740.15816
CCCCCC=O,-1194.63737
ClC(Cl)C(Cl)(Cl)SN2C(=O)C1CC=CCC1C2=O ,-3371.63734
O=C(Nc1ccccc1)Nc2ccccc2,-2426.40701
CNC(=O)Oc1cccc2ccccc12,-2399.0621
c1ccc2c(c1)[nH]c3ccccc32,-1781.16627
c1c(NC(=O)OC(C)C(=O)NCC)cccc1,-2949.1927
CNC(=O)Oc1cccc2CC(C)(C)Oc12,-2748.86335
CCOP(=S)(OCC)SCSc1ccc(Cl)cc1,-3133.12397
CC1=C(SCCO1)C(=O)Nc2ccccc2,-2603.21118
CCC(Br)(CC)C(=O)NC(N)=O,-2222.15735
c1(O)c(C)ccc(C(C)C)c1,-1713.17427
CC(=C)C1CC=C(C)C(=O)C1,-1712.47593
OCC(O)C2OC1OC(OC1C2O)C(Cl)(Cl)Cl ,-3703.66208
OCC(NC(=O)C(Cl)Cl)C(O)c1ccc(cc1)N(=O)=O,-3893.45582
CCN(CC)c1nc(Cl)nc(n1)N(CC)CC,-2819.48411
CON(C)C(=O)Nc1ccc(Br)c(Cl)c1,-2691.6402
CC(OC(=O)Nc1cccc(Cl)c1)C#C,-2528.71918
ClC1CC2C(C1Cl)C3(Cl)C(=C(Cl)C2(Cl)C3(Cl)Cl)Cl,-3444.6698
ClC2=C(Cl)C3(Cl)C1C=CCC1C2(Cl)C3(Cl)Cl ,-2909.92973
CN(C)C=Nc1ccc(Cl)cc1C,-2042.78729
CCOC(=O)c1ccccc1S(=O)(=O)NN(C=O)c2nc(Cl)cc(OC)n2,-5003.71634
NC(=O)CCl ,-1048.68319
ClCC#N,-725.17471
Clc1ccccc1,-1071.14036
ClC(Br)Br,-847.79114
ClCC,-580.44986
ClC=C,-552.45619
CC(C)OC(=O)Nc1cccc(Cl)c1,-2434.77851
ClC(Cl)(Cl)N(=O)=O,-1696.90947
c1ccc(Cl)cc1C(c2ccc(Cl)cc2)(O)C(=O)OC(C)C,-3723.94545
c1(C#N)c(Cl)c(C#N)c(Cl)c(Cl)c(Cl)1,-2421.12568
NS(=O)(=O)c2cc1c(N=CNS1(=O)=O)cc2Cl ,-3300.95394
CN(C)C(=O)Nc1ccc(C)c(Cl)c1,-2339.03481
CN(C)C(=O)Nc2ccc(Oc1ccc(Cl)cc1)cc2,-3274.49965
CCOP(=S)(OCC)Oc1nc(Cl)c(Cl)cc1Cl ,-3482.148
c2(Cl)c(Cl)c(Cl)c1nccnc1c2(Cl) ,-2448.74437
NS(=O)(=O)c1cc(ccc1Cl)C2(O)NC(=O)c3ccccc23,-3865.33559
CN(C)C(=O)Nc1ccc(C)c(Cl)c1,-2338.99997
Clc2ccc1oc(=O)[nH]c1c2,-1957.24474
C1Cc2c3c1cccc3cc4c2ccc5ccccc54,-2645.14188
c1ccc2c(c1)ccc3c4ccccc4ccc23,-2372.39819
Cl\C=C/Cl,-805.83895
C/C1CCCCC1\C,-1199.62142
CC/C=C\C,-749.14356
CC(C)=CCCC(C)=CC(=O),-1739.40241
CC1(C)CON(Cc2ccccc2Cl)C1=O,-2705.91753
Clc1ccccc1C2=NCC(=O)Nc3ccc(cc23)N(=O)=O,-3685.52464
c1cc2ccc3ccc4ccc5ccc6ccc1c7c2c3c4c5c67,-3110.14514
CC12CC(O)C3C(CCC4=CC(=O)CCC34C)C2CCC1C(=O)CO,-4166.7243
CC12CC(=O)C3C(CCC4=CC(=O)CCC34C)C2CCC1(O)C(=O)CO,-4434.90803
CC(=O)OCC(=O)C3(O)CCC4C2CCC1=CC(=O)CCC1(C)C2C(=O)CC34C ,-5003.09585
CC(=O)CC(c1ccc(Cl)cc1)c2c(O)c3ccccc3oc2=O,-3984.1701
CCOP(=S)(OCC)Oc2ccc1oc(=O)c(Cl)c(C)c1c2,-4034.33773
O=c2c(C3CCCc4ccccc43)c(O)c1ccccc1o2 ,-3435.52988
CCNc1nc(Cl)nc(NC(C)(C)C#N)n1,-2664.80228
CCSC(=O)N(CC)C1CCCCC1 ,-2294.12896
CCC1(C(=O)NC(=O)NC1=O)C2=CCCCC2 ,-2949.89394
O=C2NC(=O)C1(CCC1)C(=O)N2,-2227.1554
C1CCCCCC1,-1049.45912
OC1CCCCCC1,-1344.84555
C1CCC=CCC1,-1021.81016
O=C2NC(=O)C1(CCCCCC1)C(=O)N2 ,-2677.51261
C1CCCCC1,-899.70664
OC1CCCCC1,-1194.98918
O=C1CCCCC1,-1167.94949
C1CCC=CC1,-871.88453
CC1CC(C)C(=O)C(C1)C(O)CC2CC(=O)NC(=O)C2 ,-3522.8872
O=C2NC(=O)C1(CCCCC1)C(=O)N2,-2527.61336
C1CCCCCCC1,-1199.26211
OC1CCCCCCC1,-1494.69374
O=C2NC(=O)C1(CCCCCCC1)C(=O)N2,-2825.22193
C1CCCC1,-749.64278
C1CC=CC1,-721.88921
O=C2NC(=O)C1(CCCC1)C(=O)N2,-2377.65738
O=C2NC(=O)C1(CC1)C(=O)N2 ,-2076.83731
CN(C)C(=O)NC1CCCCCCC1,-2316.74593
CC1(C)C(C=C(Cl)Cl)C1C(=O)OC(C#N)c2ccc(F)c(Oc3ccccc3)c2,-5014.59781
CC1(C)C(C=C(Cl)C(F)(F)F)C1C(=O)OC(C#N)c2cccc(Oc3ccccc3)c2,-5816.49876
CC1(C)C(C=C(Cl)Cl)C1C(=O)OC(C#N)c2cccc(Oc3ccccc3)c2,-4562.47956
Nc1cc[nH]c(=O)n1 ,-1412.9969
CC23Cc1cnoc1C=C2CCC4C3CCC5(C)C4CCC5(O)C#C,-3841.21219
Nc1ccc(cc1)S(=O)(=O)c2ccc(N)cc2,-2775.65203
ClC(Cl)C(c1ccc(Cl)cc1)c2ccc(Cl)cc2,-2922.2464
ClC(Cl)=C(c1ccc(Cl)cc1)c2ccc(Cl)cc2,-2894.65477
Clc1ccc(cc1)C(c2ccc(Cl)cc2)C(Cl)(Cl)Cl,-3175.65342
C1CCC2CCCCC2C1,-1472.38539
CCCCSP(=O)(SCCCC)SCCCC,-2842.59491
CC1(C)C(C=C(Br)Br)C1C(=O)OC(C#N)c2cccc(Oc3ccccc3)c2,-4473.37724
CC12CCC3C(CCC4=CC(=O)CCC34C)C2CCC1C(=O)CO,-3871.31806
CC(=O)OCC(=O)C3CCC4C2CCC1=CC(=O)CCC1(C)C2CCC34C ,-4439.73492
CCOC(=O)Nc2cccc(OC(=O)Nc1ccccc1)c2 ,-3735.24334
CC1CC2C3CCC4=CC(=O)C=CC4(C)C3(F)C(O)CC2(C)C1(O)C(=O)CO,-5036.60174
CC4CC3C2CCC1=CC(=O)C=CC1(C)C2(F)C(O)CC3(C)C4(O)C(=O)COC(C)=O ,-5604.51611
CC2(C)C1CCC(C)(C1)C2=O,-1740.17071
CCCCC(CC)COC(=O)c1ccccc1C(=O)OCC(CC)CCCC,-4643.77532
CCOP(=S)(OCC)SC(CCl)N1C(=O)c2ccccc2C1=O,-4115.44646
CCOP(=S)(OCC)SC(CCl)N2C(=O)c1ccccc1C2=O,-4115.38833
CC(C)N(C(C)C)C(=O)SCC(=CCl)Cl,-2650.74085
CN2C(=O)CN=C(c1ccccc1)c3cc(Cl)ccc23,-3074.70288
CCOP(=S)(OCC)Oc1cc(C)nc(n1)C(C)C,-3371.78791
o1c2ccccc2c3ccccc13,-1876.22124
c1ccc2c(c1)sc3ccccc23,-1758.52751
BrCBr,-594.64588
CCCCOCCCC,-1521.59143
CCCCOC(=O)CCCCCCCCC(=O)OCCCC,-3853.51657
CCCCOC(=O)c1ccccc1C(=O)OCCCC ,-3444.21044
COP(=S)(OC)Oc1ccc(cc1Cl)N(=O)=O,-3385.55857
ClCCl,-683.54391
Oc1ccc(Cl)cc1Cc2cc(Cl)ccc2O,-2856.28737
OC(c1ccc(Cl)cc1)(c2ccc(Cl)cc2)C(Cl)(Cl)Cl,-3470.94172
ClC4=C(Cl)C5(Cl)C3C1CC(C2OC12)C3C4(Cl)C5(Cl)Cl,-3476.30204
CC=C(C(=CC)c1ccc(O)cc1)c2ccc(O)cc2,-3043.80388
ClC1=C(Cl)C(Cl)(C(=C1Cl)Cl)C2(Cl)C(=C(Cl)C(=C2Cl)Cl)Cl,-3895.69593
CCOCC,-921.75143
CCOC(=O)c1ccccc1C(=O)OCC,-2844.39253
CCSCC,-803.53359
CCSSCC,-980.49943
CCC(=C(CC)c1ccc(O)cc1)c2ccc(O)cc2 ,-3071.56262
COc2ccc(Oc1ccc(NC(=O)N(C)C)cc1)cc2,-3465.87431
Fc1cccc(F)c1C(=O)NC(=O)Nc2ccc(Cl)cc2,-4002.46124
CC1OC(CC(O)C1O)OC2C(O)CC(OC2C)OC8C(O)CC(OC7CCC3(C)C(CCC4C3CCC5(C)C(CCC45O)C6=CC(=O)OC6)C7)OC8C ,-9741.29719
CC1OC(CC(O)C1O)OC2C(O)CC(OC2C)OC8C(O)CC(OC7CCC3(C)C(CCC4C3CC(O)C5(C)C(CCC45O)C6=CC(=O)OC6)C7)OC8C ,-10036.15006
CCCCCCOC(=O)c1ccccc1C(=O)OCCCCCC,-4044.01116
ICI,-596.55276
c1(C(=O)OCCCCCC(C)(C))c(C(=O)OCCCCCC(C)(C))cccc1,-4643.86948
CC(C)OC(C)C,-1221.89036
CC(C)SC(C)C,-1103.59793
CCN(CC)C(=O)C(=CCOP(=O)(OC)OC)Cl,-3592.91357
CN(C)C(=O)Nc1ccc(c(Cl)c1)n2nc(oc2=O)C(C)(C)C,-3996.59088
CN(C)C(=O)OC1=CC(=O)CC(C)(C)C1 ,-2653.38938
CCCCc1c(C)nc(nc1O)N(C)C ,-2462.11592
COCOC,-1066.49908
COC(=O)c1ccccc1C(=O)OC,-2544.25597
CSC,-503.53209
CSSC,-680.50999
CCN(CC)c1c(cc(c(N)c1N(=O)=O)C(F)(F)F)N(=O)=O,-4844.55289
CCC(C)c1cc(cc(N(=O)=O)c1O)N(=O)=O ,-3233.8523
OC1C(O)C(O)C(O)C(O)C1O,-2671.57924
CCCSCCC,-1103.3786
CCCCCCCCOC(=O)c1ccccc1C(=O)OCCCCCCCC ,-4643.88768
C1C(O)CCC2(C)CC3CCC4(C)C5(C)CC6OCC(C)CC6OC5CC4C3C=C21,-4770.20676
CNC(=O)Oc1ccccc1C2OCCO2,-2893.7721
CN(C)C(=O)C(c1ccccc1)c2ccccc2 ,-2675.93269
O(c1ccccc1)c2ccccc2,-1903.15856
N(c1ccccc1)c2ccccc2,-1808.06584
C(c1ccccc1)c2ccccc2,-1758.34422
CCCOCCC,-1221.64502
CCN(CC)C(=S)SSC(=S)N(CC)CC,-2577.81244
CCOP(=S)(OCC)SCCSCC,-2538.75051
CCOP(=S)(OCC)N2C(=O)c1ccccc1C2=O,-3385.42793
CN(C)C(=O)Nc1ccc(Cl)c(Cl)c1,-2442.34632
CC1=CCC(CC1)C(C)=C,-1444.2234
Cc1cc(cc(N(=O)=O)c1O)N(=O)=O,-2783.75924
CCOc1ccc(NC(N)=O)cc1,-2230.84392
Cn2c(=O)n(C)c1ncn(CC(O)CO)c1c2=O,-3343.68759
CCCCCCCCCCCCCCCCCCCC,-3025.92334
ClC4=C(Cl)C5(Cl)C3C1CC(C2OC12)C3C4(Cl)C5(Cl)Cl,-3476.21408
CC34CCC1C(CCC2CC(O)CCC12C)C3CCC4=O,-3330.77758
CC45CCC2C(CCC3CC1SC1CC23C)C4CCC5O,-3211.68629
CC34CCc1c(ccc2cc(O)ccc12)C3CCC4=O,-3045.25072
CC34CCC1C(=CCc2cc(O)ccc12)C3CCC4=O,-3072.1632
Oc2cc(O)c1C(=O)CC(Oc1c2)c3ccc(O)c(O)c3,-3776.50585
OCC(O)C(O)CO,-1807.9192
CC12CCC3C(CCc4cc(O)ccc34)C2CCC1O,-3126.81413
c1(OC)ccc(CC=C)cc1,-1684.69892
CC34CCC1C(CCc2cc(O)ccc12)C3CC(O)C4O ,-3421.71786
CC12CCC3C(CCc4cc(O)ccc34)C2CCC1=O,-3099.75713
CCN(CC(C)=C)c1c(cc(cc1N(=O)=O)C(F)(F)F)N(=O)=O,-4916.63961
CC,-326.92231
CCS,-503.71525
CCO,-622.19734
CC34CCC1C(CCc2cc(O)ccc12)C3CCC4(O)C#C ,-3370.70837
CCSCc1ccccc1OC(=O)NC ,-2507.60091
CCOP(=S)(OCC)SCSP(=S)(OCC)OCC,-3647.23943
CCCCc1c(C)nc(NCC)[nH]c1=O,-2462.82833
CC12CCC(=O)C=C1CCC3C2CCC4(C)C3CCC4(O)C#C ,-3547.34722
CCOC2Oc1ccc(OS(C)(=O)=O)cc1C2(C)C,-3493.28089
CCOC2Oc1ccc(OS(C)(=O)=O)cc1C2(C)C,-3493.14573
CCOc2ccc1nc(sc1c2)S(N)(=O)=O ,-2851.82704
CCOC(=O)C,-1190.5867
CCOC(=O)c1ccccc1,-1831.09305
CCCCCOC(=O)CC,-1790.35442
CCOC(=O)C=Cc1ccccc1,-2103.29737
CCCCCCCCCC(=O)OCC,-2390.09492
CCOC=O,-1040.28473
CCCCCCC(=O)OCC,-1940.23351
CCCCCC(=O)OCC,-1790.32069
CCCCCCCCC(=O)OCC,-2240.17835
CCCCCCCC(=O)OCC,-2090.33378
CCCOC(=O)CCC,-1640.41323
CCOC(=O)CC,-1340.47439
CCCOCC,-1071.67069
CCOC=C,-894.00835
CCc1ccccc1,-1117.66109
CCC1CCCCC1,-1199.59507
C=C,-298.91783
CCOC(=O)c1ccc(N)cc1,-2031.17645
CCOC(=O)c1ccc(O)cc1,-2126.62132
C#C,-270.90303
CCOc1ccc(cc1)C(C)(C)COCc3cccc(Oc2ccccc2)c3,-4333.60535
CCOC(=O)c1cncn1C(C)c2ccccc2,-2898.27903
COc1cc(cc(OC)c1O)C6C2C(COC2=O)C(OC4OC3COC(C)OC3C(O)C4O)c7cc5OCOc5cc67,-7831.46466
CC12CCC(CC1)C(C)(C)O2 ,-1767.70807
COc1cc(CC=C)ccc1O,-1979.86353
OC(c1ccc(Cl)cc1)(c2cncnc2)c3ccccc3Cl,-3450.92364
Cc1occc1C(=O)Nc2ccccc2,-2398.60206
COP(=S)(OC)Oc1ccc(N(=O)=O)c(C)c1,-3282.31492
CN(C)C(=O)SCCCCOc1ccccc1,-2807.03321
CCOC(=O)NCCOc2ccc(Oc1ccccc1)cc2,-3711.64502
CC1(C)C(C(=O)OC(C#N)c2cccc(Oc3ccccc3)c2)C1(C)C,-4083.36426
CCOP(=S)(OCC)Oc1ccc(cc1)S(C)=O ,-3293.43527
COP(=S)(OC)Oc1ccc(SC)c(C)c1,-2848.65234
CN(C)C(=O)Nc1ccccc1,-1935.30835
OC(Cn1cncn1)(Cn2cncn2)c3ccc(F)cc3F ,-4100.13957
CC(C)C(C(=O)OC(C#N)c1cccc(Oc2ccccc2)c1)c3ccc(OC(F)F)cc3,-5801.96937
Nc1nc(=O)[nH]cc1F,-1864.90418
CC34CC(O)C1(F)C(CCC2=CC(=O)CCC12C)C3CCC4(O)C(=O)CO ,-4913.95685
CC1CC2C3CC(F)C4=CC(=O)C=CC4(C)C3(F)C(O)CC2(C)C1(O)C(=O)CO,-5488.22258
CCN(Cc1c(F)cccc1Cl)c2c(cc(cc2N(=O)=O)C(F)(F)F)N(=O)=O,-5990.85526
CN(C)C(=O)Nc1cccc(c1)C(F)(F)F,-3442.50659
c1ccc2c(c1)c3cccc4cccc2c34,-2099.24446
C1c2ccccc2c3ccccc13,-1731.31932
Fc1ccccc1,-1269.80365
CC1CC2C3CCC(O)(C(=O)C)C3(C)CC(O)C2(F)C4(C)C=CC(=O)C=C14,-4741.63086
CN(C)C(=O)Nc1cccc(c1)C(F)(F)F,-3442.54485
Cn2cc(c1ccccc1)c(=O)c(c2)c3cccc(c3)C(F)(F)F,-4401.15429
FC(F)(F)c1cccc(c1)N2CC(CCl)C(Cl)C2=O,-4022.53402
OC(Cn1cncn1)(c2ccc(F)cc2)c3ccccc3F,-3924.48224
CC(C)C(Nc1ccc(cc1Cl)C(F)(F)F)C(=O)OC(C#N)c2cccc(Oc3ccccc3)c2,-6412.47209
CNC(=O)Oc1cccc(N=CN(C)C)c1,-2702.42632
COP(=S)(OC)SCC(=O)N(C)C=O,-2798.07396
OCC1OC(O)(CO)C(O)C1O,-2671.16399
c1ccoc1,-839.47208
O=Cc1ccco1,-1257.20638
c1c(O)C2C(=O)C3cc(O)ccC3OC2cc1(OC),-3383.50702
OCC(O)COC(=O)c1ccccc1Nc2ccnc3cc(Cl)ccc23,-4383.55121
OCC1OC(O)C(O)C(O)C1O,-2671.24271
CCC1(CCC(=O)NC1=O)c2ccccc2 ,-2577.08689
OCC(O)CO,-1362.59464
CC(=O)OCC(COC(=O)C)OC(=O)C,-3067.66722
COC1=CC(=O)CC(C)C13Oc2c(Cl)c(OC)cc(OC)c2C3=O,-4355.13511
COc1ccccc1O ,-1557.84872
Nc2nc1[nH]cnc1c(=O)[nH]2 ,-1907.73175
FC(F)(F)C(Cl)Br ,-2146.16022
c1cc(O)c(O)c2OCC3(O)CC4=CC(=O)C(O)=CC4=C3c21,-3898.01586
ClC1C=CC2C1C3(Cl)C(=C(Cl)C2(Cl)C3(Cl)Cl)Cl,-3163.40718
CCCCCCC,-1076.76606
ClC(=C(Cl)C(=C(Cl)Cl)Cl)Cl,-2091.42164
ClC(Cl)(Cl)C(Cl)(Cl)Cl,-1846.8841
CCCCCCCCCCCCCCCCCCCCCCCCCC,-3925.671
CCCCCCCCCCCCCCCC,-2426.353
Cc1c(C)c(C)c(C)c(C)c1C,-1718.02827
CCCCCC,-926.80259
CCC(C(CC)c1ccc(O)cc1)c2ccc(O)cc2,-3098.91257
CCCCCCc1ccccc1,-1717.49665
O=C1CNC(=O)N1 ,-1386.18299
N(Nc1ccccc1)c2ccccc2 ,-2006.88165
c1ccccc1C(O)C(O)c2ccccc2,-2498.89598
NS(=O)(=O)c2cc1c(NCNS1(=O)=O)cc2Cl ,-3328.17498
CC12CC(O)C3C(CCC4=CC(=O)CCC34C)C2CCC1(O)C(=O)CO,-4461.91072
CC(=O)OCC(=O)C1(O)CCC2C3CCC4=CC(=O)CCC4(C)C3C(O)CC21C,-5030.50568
OC1C=CC2C1C3(Cl)C(=C(Cl)C2(Cl)C3(Cl)Cl)Cl ,-3205.09471
CC(=O)C1(O)CCC2C3CCC4=CC(=O)CCC4(C)C3CCC21C,-3871.57628
O=c1[nH]cnc2nc[nH]c12 ,-1707.69336
C1Cc2ccccc2C1,-1240.56226
CC2Cc1ccccc1N2NC(=O)c3ccc(Cl)c(c3)S(N)(=O)=O ,-4068.78078
c2ccc1[nH]ncc1c2 ,-1312.03786
c2ccc1[nH]ccc1c2,-1262.76876
c2ccc1NCCc1c2 ,-1290.13613
OCC1OC(C(O)C1O)n2cnc3c(O)ncnc23,-3611.00389
Ic1ccccc1,-1027.46962
CCI,-536.87279
COP(=S)(OC)Oc1cc(Cl)c(I)cc1Cl,-3088.63368
CI,-386.88247
Oc1c(I)cc(C#N)cc1I,-1827.33567
CCN(CC)c1nc(Cl)nc(NC(C)C)n1,-2669.84903
CCOP(=S)(OCC)Oc1nc(Cl)n(n1)C(C)C,-3400.79957
CC(C)COC(=O)C,-1490.51132
CC(C)COC=O,-1340.16798
CC(C)Cc1ccccc1,-1417.61207
C1N(C(=O)NCC(C)C)C(=O)NC1,-2335.56138
Cc1cc(no1)C(=O)NNCc2ccccc2,-2796.22724
CCOP(=S)(NC(C)C)Oc1ccccc1C(=O)OC(C)C,-3889.65075
Nc1nc(O)nc2nc[nH]c12 ,-1907.14233
c1nccc(C(=O)NN)c1,-1684.50867
CC(C)CCOC(=O)C,-1640.48357
CC(C)CCOC=O,-1490.18752
CC1=CC(=O)CC(C)(C)C1 ,-1590.39578
CNC(=O)Oc1ccccc1C(C)C,-2330.84426
CCCN(CCC)c1c(cc(cc1N(=O)=O)C(C)C)N(=O)=O,-3887.25851
CC(C)OC(=O)C,-1340.6595
CC(C)OC=O,-1190.3686
CC(C)c1ccccc1,-1267.61913
CC(C)c1ccc(NC(=O)N(C)C)cc1,-2385.34588
c1ccc2cnccc2c1,-1385.59405
CN(C)C(=O)Nc1cccc(OC(=O)NC(C)(C)C)c1 ,-3448.71254
CC(=O)CCC1C(=O)N(N(C1=O)c2ccccc2)c3ccccc3,-3834.2047
ClC1(C(=O)C2(Cl)C3(Cl)C14Cl)C5(Cl)C2(Cl)C3(Cl)C(Cl)(Cl)C45Cl,-4190.85078
COc2c1occc1c(OC)c3c(=O)cc(C)oc23 ,-3355.97042
OCC1OC(OC2C(O)C(O)C(O)OC2CO)C(O)C(O)C1O,-5019.69507
C1OC(O)C(O)C(O)C1O,-2226.16514
O=c2[nH]c1CCCc1c(=O)n2C3CCCCC3,-2804.25332
CC(C)=CCCC(O)(C)C=C,-1766.75123
ClC1C(Cl)C(Cl)C(Cl)C(Cl)C1Cl,-2420.77643
CON(C)C(=O)Nc1ccc(Cl)c(Cl)c1,-2736.33788
OC3N=C(c1ccccc1Cl)c2cc(Cl)ccc2NC3=O,-3473.92239
CCC(C)C(=O)OC2CC(C)C=C3C=CC(C)C(CCC1CC(O)CC(=O)O1)C23 ,-4912.06231
CCOC(=O)CC(SP(=S)(OC)OC)C(=O)OCC,-3788.85062
CCOC(=O)CC(=O)OCC,-2203.91641
OCC1OC(OC2C(O)C(O)C(O)OC2CO)C(O)C(O)C1O,-5019.71364
OCC(O)C(O)C(O)C(O)CO ,-2698.3598
Nc1cccc(Cl)c1,-1271.13264
Clc1cccc(Br)c1,-1280.05885
Clc1cccc(I)c1,-1280.99776
Clc1cccc(c1)N(=O)=O,-1831.48416
COC(=O)Nc2nc1ccc(cc1[nH]2)C(=O)c3ccccc3,-3584.62045
CCOC(=O)N(C)C(=O)CSP(=S)(OCC)OCC,-3693.57651
c1c(OC)c(OC)C2C(=O)OCC2c1,-2570.29044
CC(=O)C3(C)CCC4C2C=C(C)C1=CC(=O)CCC1(C)C2CCC34C,-3848.66756
CN(C(=O)COc1nc2ccccc2s1)c3ccccc3,-3293.0426
CC(=O)Nc1cc(NS(=O)(=O)C(F)(F)F)c(C)cc1C,-4359.86979
CC(=O)OC3(CCC4C2C=C(C)C1=CC(=O)CCC1(C)C2CCC34C)C(C)=O ,-4562.12585
CC2=CC(=O)c1ccccc1C2=O ,-2048.98773
CC(C)C1CCC(C)CC1O ,-1794.81416
CC(C)C1CCC(C)CC1=O,-1767.68664
CCCC(C)(COC(N)=O)COC(N)=O ,-2903.79183
Sc2nc1ccccc1s2 ,-1466.58023
COCC(=O)N(C(C)C(=O)OC)c1c(C)cccc1C ,-3493.63593
C,-177.0432
CO,-472.05421
Cc1ccccc1n3c(C)nc2ccccc2c3=O,-2822.08928
CCC1(CC)C(=O)NC(=O)N(C)C1=O ,-2554.57585
Cn2c(=O)on(c1ccc(Cl)c(Cl)c1)c2=O,-2977.43262
COc1ccccc1OCC(O)COC(N)=O,-3216.10315
COC(C)(C)CCCC(C)CC=CC(C)=CC(=O)OC(C)C,-3679.65861
COCCCNc1nc(NC(C)C)nc(SC)n1,-3038.21404
COc2c1occc1cc3ccc(=O)oc23 ,-2761.26227
COc1ccc(cc1)C(c2ccc(OC)cc2)C(Cl)(Cl)Cl,-3558.50352
COC(=O)C,-1040.4866
COC(=O)C=C,-1162.40631
COC(=O)c1ccccc1,-1680.99571
CCCCOC,-1071.59808
CCCOC(=O)CC,-1490.43914
CCCCCCCCCC(=O)OC,-2240.10609
COC=O,-890.17678
COC(=O)c1cc(O)c(O)c(O)c1 ,-2566.76418
CCCCCC(=O)OC,-1640.30329
CNN,-575.60604
CCCCCCCCCCCC(=O)OC,-2539.95415
COC(=O)c1cccnc1 ,-1730.76096
CCCCCCCCC(=O)OC,-2090.19207
CCCCCCCC(=O)OC,-1940.144
CCCC(=O)OCC,-1490.47147
CCC(=O)OC,-1190.40851
CCCOC,-921.62779
COC(C)(C)C,-1071.87931
CC1CCCCC1,-1049.56992
CC1CCCC1,-899.63159
CN(C(=O)NC(C)(C)c1ccccc1)c2ccccc2,-3025.81723
COC(=O)c1ccc(O)cc1,-1976.50284
CC(=O)OC3(C)CCC4C2CCC1=CC(=O)CCC1(C)C2CCC34C ,-4021.78988
Cc1cc(=O)[nH]c(=S)[nH]1,-1540.14702
CCc1cccc(C)c1N(C(C)COC)C(=O)CCl ,-3183.58508
CC2Nc1cc(Cl)c(cc1C(=O)N2c3ccccc3C)S(N)(=O)=O ,-4069.88463
c1ccccc1(OC(=O)NC),-1880.84973
COc1ccc(NC(=O)N(C)C)cc1Cl,-2633.66379
Cc1ncc(N(=O)=O)n1CCO ,-2299.79724
CSc1nnc(c(=O)n1N)C(C)(C)C,-2387.57088
Cc1ncc(N(=O)=O)n1CCO,-2299.7947
Fc1cccc(Br)c1,-1478.72641
Nc1cc(nc(N)n1=O)N2CCCCC2 ,-2532.85655
ClC1(C2(Cl)C3(Cl)C4(Cl)C5(Cl)C1(Cl)C3(Cl)Cl)C5(Cl)C(Cl)(Cl)C24Cl,-4430.14718
Cc1cccc(N)c1,-1167.69741
Nc1cccc(c1)N(=O)=O,-1777.96676
Oc1cccc(c1)N(=O)=O,-1873.4175
Cc1cccc(c1)N(=O)=O,-1728.17924
CON(C)C(=O)Nc1ccc(Cl)cc1,-2482.87483
COC(=O)c1ccccc1OC2OC(COC3OCC(O)C(O)C3O)C(O)C(O)C2O,-6228.41974
CN(C)C(=O)Nc1ccc(Cl)cc1,-2188.87691
Oc1ccc(c(O)c1)c3oc2cc(O)cc(O)c2c(=O)c3O ,-4044.27169
Cc1cccc(C)c1,-1117.88327
CCN(CC)c1ccccc1,-1616.70717
CN(C)C(=O)C,-1094.80279
CN(C)c1ccccc1,-1316.90749
COP(=O)(OC)OC(Br)C(Cl)(Cl)Br,-2923.9218
CCN(CC)C(=O)C(C)Oc1cccc2ccccc12 ,-3148.53818
c1ccc2cc3cc4ccccc4cc3cc2c1,-2372.09754
c1ccc2ccccc2c1,-1335.82338
CCCCN(C)C(=O)Nc1ccc(Cl)c(Cl)c1,-2892.20941
CC(C)=CCC/C(C)=C\CO,-1766.81475
CCNc1ccccc1,-1317.24369
Cc3ccnc4N(C1CC1)c2ncccc2C(=O)Nc34 ,-3070.10561
Oc1ccc(Cl)cc1C(=O)Nc2ccc(cc2Cl)N(=O)=O,-3789.1603
NC(=O)c1cccnc1 ,-1485.63654
COC(=O)C1=C(C)NC(=C(C1c2ccccc2N(=O)=O)C(=O)OC)C ,-4472.66883
ON=Cc1ccc(o1)N(=O)=O ,-2216.14785
CN2C(=O)CN=C(c1ccccc1)c3cc(ccc23)N(=O)=O,-3581.61504
O=C1NCCN1c2ncc(s2)N(=O)=O,-2622.06826
CCN(CC)c1c(cc(c(N)c1N(=O)=O)C(F)(F)F)N(=O)=O,-4844.49164
Clc1cccc(n1)C(Cl)(Cl)Cl,-2030.91598
O=C3CN=C(c1ccccc1)c2cc(ccc2N3)N(=O)=O,-3431.92887
O=N(=O)c1ccccc1,-1578.0128
CCN(=O)=O,-1087.42832
Clc2ccc(Oc1ccc(cc1)N(=O)=O)c(Cl)c2,-3170.81688
O=C2CN(N=Cc1ccc(o1)N(=O)=O)C(=O)N2 ,-3280.27215
O=N(=O)OCC(CON(=O)=O)ON(=O)=O ,-3640.61136
CN(=O)=O,-937.4393
CNc1ccccc1,-1167.22773
CCCCCCCCC,-1376.67464
OC(C1=CC2C5C(C1C2=C(c3ccccc3)c4ccccn4)C(=O)NC5=O)(c6ccccc6)c7ccccn7 ,-5832.91327
CN(C)C(=O)NC1CC2CC1C3CCCC23,-2562.39259
CC(=O)OC3(CCC4C2CCC1=CC(=O)CCC1C2CCC34C)C#C,-3965.92223
CC34CCC1C(CCC2=CC(=O)CCC12O)C3CCC4(O)C#C,-3693.03791
CNc2cnn(c1cccc(c1)C(F)(F)F)c(=O)c2Cl,-4113.06143
ClC(Cl)C(c1ccc(Cl)cc1)c2ccccc2Cl ,-2922.36222
Nc1ccccc1O,-1312.84801
Nc1ccccc1Cl,-1271.09785
Clc1ccccc1Br,-1280.01825
Clc1ccccc1I,-1281.01889
Clc1ccccc1N(=O)=O,-1831.40305
CCCCCCCC,-1226.68184
CCOC(=O)N,-1240.5519
Fc1ccccc1Br,-1478.66975
NC(=O)c1ccccc1O,-1731.39178
COc1ccccc1O,-1557.84844
Nc1ccccc1N(=O)=O,-1778.12014
COc1ccccc1N(=O)=O,-2022.85236
Oc1ccccc1N(=O)=O,-1873.29189
Cc1ccccc1N(=O)=O,-1728.14586
CCCN(CCC)c1c(cc(cc1N(=O)=O)S(N)(=O)=O)N(=O)=O,-4404.50091
c1cc2ccc(OC)c(CC=C(C)(C))c2oc1=O ,-2943.79391
Cc1ccccc1N,-1167.57051
CC(C)Oc1cc(c(Cl)cc1Cl)n2nc(oc2=O)C(C)(C)C,-3877.34654
CNC(=O)ON=C(SC)C(=O)N(C)C,-2655.52506
OC3N=C(c1ccccc1)c2cc(Cl)ccc2NC3=O ,-3220.319
CC1=C(C(=O)Nc2ccccc2)S(=O)(=O)CCO1,-3193.74382
Cc1ccccc1C,-1117.8376
CCCCC1C(=O)N(N(C1=O)c2ccc(O)cc2)c3ccccc3 ,-3861.45472
Nc1ccc(cc1)c2ccc(N)cc2,-2008.3021
ClC(Cl)C(c1ccc(Cl)cc1)c2ccc(Cl)cc2 ,-2922.24572
ClC(Cl)=C(c1ccc(Cl)cc1)c2ccc(Cl)cc2,-2894.65262
Nc1ccc(O)cc1,-1312.88183
O=C1NC(=O)C(=O)N1 ,-1654.22141
CCOP(=S)(OCC)Oc1ccc(cc1)N(=O)=O,-3432.50186
Nc1ccc(cc1)c2ccc(N)cc2,-2008.30193
CC(=O)Nc1ccc(Br)cc1,-1794.91515
Brc1ccc(I)cc1,-1236.39288
CC(=O)Nc1ccc(Cl)cc1,-1839.51498
Nc1ccc(Cl)cc1,-1271.10153
Clc1ccc(Br)cc1,-1280.06283
Clc1ccc(I)cc1,-1280.99868
Clc1ccc(cc1)N(=O)=O,-1831.51993
Cc1ccc(O)cc1,-1263.15036
CCCCN(CC)C(=O)SCCC,-2171.38514
Clc1ccc(CN(C2CCCC2)C(=O)Nc3ccccc3)cc1,-3552.19966
Clc1cc(Cl)c(Cl)c(Cl)c1Cl,-2084.82888
ClC(Cl)C(Cl)(Cl)Cl,-1593.64237
Oc1c(Cl)c(Cl)c(Cl)c(Cl)c1Cl,-2380.12652
Cc1cc(C)c(C)c(C)c1C,-1568.07457
CCCCC,-776.8051
O=C1NC(=O)NC(=O)C1(CC)C(C)CCC,-2854.63571
CCCCCOC(=O)C,-1640.4414
CCCCC(=O)OCC,-1640.40074
CCCCCc1ccccc1,-1567.4847
CCCCCC1CCCC1,-1499.47608
Cc1cc(ccc1NS(=O)(=O)C(F)(F)F)S(=O)(=O)c2ccccc2,-4999.43117
CC1(C)C(C=C(Cl)Cl)C1C(=O)OCc2cccc(Oc3ccccc3)c2,-4267.2696
c1cc2cccc3c4cccc5cccc(c(c1)c23)c54,-2618.09105
CC(=O)Nc1ccc(F)cc1,-2038.15398
CCOc1ccc(NC(=O)C)cc1,-2180.91713
c1ccc2c(c1)ccc3ccccc32,-1854.14467
c1ccc2c(c1)cnc3ccccc23 ,-1903.88765
CCOc1ccccc1,-1412.58949
COC(=O)Nc1cccc(OC(=O)Nc2cccc(C)c2)c1,-3735.29838
CCC1(C(=O)NC(=O)NC1=O)c2ccccc2 ,-2895.4039
c1ccccc1O,-1112.87962
Oc1ccc(cc1)C2(OC(=O)c3ccccc23)c4ccc(O)cc4 ,-3825.99407
CC(C)=CC3C(C(=O)OCc2cccc(Oc1ccccc1)c2)C3(C)C ,-4061.1295
CCCCC1C(=O)N(N(C1=O)c2ccccc2)c3ccccc3 ,-3566.0011
NNc1ccccc1,-1216.44102
OCc1ccccc1,-1262.76468
NC(=S)Nc1ccccc1,-1516.67262
O=C1NC(=O)C(N1)(c2ccccc2)c3ccccc3,-2967.39068
CCOP(=S)(OCC)SCSCC,-2388.68226
CCOP(=S)(OCC)SCn1c(=O)oc2cc(Cl)ccc12,-3842.08334
CCOP(=S)(OCC)ON=C(C#N)c1ccccc1,-3287.99653
c1cC2C(=O)NC(=O)C2cc1,-1853.92652
O=C1NC(=O)c2ccccc12 ,-1826.85034
N#Cc1ccccc1C#N,-1407.40101
CC(=O)Nc1ccc(O)cc1,-1881.33862
Oc1ccc(C=O)cc1,-1530.91564
c1ccc2c(c1)ccc3c2ccc4c5ccccc5ccc43,-2890.68058
O=C(C=CC=Cc2ccc1OCOc1c2)N3CCCCC3,-3415.43782
O=Cc2ccc1OCOc1c2 ,-1948.15987
CCCOP(=S)(OCCC)SCC(=O)N1CCCCC1C,-3702.55777
CN(C)C(=O)Oc1nc(nc(C)c1C)N(C)C,-2929.85674
CN2C(=C(O)c1ccccc1S2(=O)=O)C(=O)Nc3ccccn3 ,-3933.4177
COc1ccc(C=O)cc1,-1680.44472
Cc1ccc(N)cc1,-1167.64785
Nc1ccc(cc1)N(=O)=O,-1778.12669
COc1ccc(cc1)N(=O)=O,-2023.06137
Oc1ccc(cc1)N(=O)=O,-1873.33475
Cc1ccc(cc1)N(=O)=O,-1728.21006
Oc1ccc(cc1)c2ccccc2,-1903.83975
CC34CCC1C(CC=C2CC(O)CCC12C)C3CCC4=O,-3303.31373
CC12CC(O)C3C(CCC4=CC(=O)C=CC34C)C2CCC1(O)C(=O)CO,-4434.05273
CC(=O)OCC(=O)C3(O)CCC4C2CCC1=CC(=O)C=CC1(C)C2C(O)CC34C ,-5002.13579
CC(=O)C3CCC4C2CC=C1CC(O)CCC1(C)C2CCC34C ,-3603.53387
CCC1(C(=O)NCNC1=O)c2ccccc2,-2626.3429
CCC1(C(C)C)C(=O)NC(=O)NC1=O ,-2554.77356
CC12CC2(C)C(=O)N(C1=O)c3cc(Cl)cc(Cl)c3,-3055.70708
CC(=O)C1CCC2C3CCC4=CC(=O)CCC4(C)C3CCC12C,-3576.04583
COc1nc(NC(C)C)nc(NC(C)C)n1,-2711.79827
CSc1nc(NC(C)C)nc(NC(C)C)n1,-2593.6338
CC(C)N(C(=O)CCl)c1ccccc1 ,-2288.82393
CCC,-476.93121
CCC(=O)Nc1ccc(Cl)c(Cl)c1,-2242.88607
CC(C)Nc1nc(Cl)nc(NC(C)C)n1,-2520.1943
CCNP(=S)(OC)OC(=CC(=O)OC(C)C)C,-3221.4128
CCCC1COC(Cn2cncn2)(O1)c3ccc(Cl)cc3Cl,-3754.24818
CCC=O,-744.77364
CCC#N,-621.93011
CNC(=O)Oc1ccccc1OC(C)C,-2625.82028
CCCOC(=O)C,-1340.5268
CCCC(=O)OC,-1340.37281
CCCOC=O,-1190.20483
CCCCC(=O)OC,-1490.34727
CCCc1ccccc1,-1267.60982
CCCC1CCCC1,-1199.48516
CC=C,-449.09132
CCCOC(C)C,-1221.77269
CC#C,-421.14234
CC(C)(C)c1ccc(O)cc1,-1712.97933
c2cnc1ncncc1n2,-1534.27469
c1ccc(cc1)c2ccc(cc2)c3ccccc3,-2399.21099
Cc1ccc(cc1)S(=O)(=O)N,-1935.0494
Cc1ccc(C)cc1,-1117.87047
CC1=C(CCCO1)C(=O)Nc2ccccc2 ,-2576.33746
NC(=O)c1cnccn1,-1535.24907
Nc2cnn(c1ccccc1)c(=O)c2Cl,-2456.07535
c1cc2ccc3cccc4ccc(c1)c2c34,-2099.94908
c1ccnnc1,-916.55878
c1ccncc1,-867.33432
c1cncnc1,-917.12027
CN(C)C(=O)Oc1cc(C)nn1c2ccccc2,-2947.13814
CCC2NC(=O)c1cc(c(Cl)cc1N2)S(N)(=O)=O,-3279.36636
c1ccc2ncccc2c1,-1385.54624
ClC(Cl)CC(=O)NC2=C(Cl)C(=O)c1ccccc1C2=O,-3577.28586
Clc1c(Cl)c(Cl)c(N(=O)=O)c(Cl)c1Cl,-2844.89476
OCC1OC(CO)(OC2OC(COC3OC(CO)C(O)C(O)C3O)C(O)C(O)C2O)C(O)C1O,-7368.29344
CCC1(C(=O)NC(=O)NC1=O)C2=CCC3CCC2C3,-3222.50148
CCN2c1ncccc1N(C)C(=O)c3cccnc23 ,-2948.01033
C1SC(=S)NC1(=O),-1244.14116
Cc3cc2nc1c(=O)[nH]c(=O)nc1n(CC(O)C(O)C(O)CO)c2cc3C,-4875.42965
CCCOC(=O)c1ccc(N)cc1,-2181.12204
COP(=S)(OC)Oc1cc(Cl)c(Cl)cc1Cl,-3132.19171
COc5cc4OCC3Oc2c1CC(Oc1ccc2C(=O)C3c4cc5OC)C(C)=C ,-4892.42973
CC(C)NC(=O)N1CC(=O)N(C1=O)c2cc(Cl)cc(Cl)c2,-3752.04036
O2c1ccccc1N(C)C(=O)c3cccnc23 ,-2693.74304
O2c1ccc(N)cc1N(C)C(=O)c3cc(C)ccc23 ,-2994.19415
CCN2c1nc(Cl)ccc1N(C)C(=O)c3cccnc23 ,-3201.441
CCN2c1nc(C)cc(C(F)(F)F)c1NC(=O)c3cccnc23 ,-4455.43309
CCN2c1nc(C)cc(C)c1NC(=O)c3cccnc23 ,-3098.62223
CCN2c1ncccc1N(C)C(=S)c3cccnc23 ,-2828.84083
CCN2c1ccccc1N(C)C(=S)c3cccnc23 ,-2779.14769
CCN2c1ccccc1N(C)C(=O)c3ccccc23 ,-2848.37716
CCN2c1ncccc1N(CC)C(=O)c3cccnc23 ,-3098.01271
C2c1ccccc1N(CCF)C(=O)c3ccccc23 ,-3101.21329
CCN2c1cc(N(C)C)cc(C)c1NC(=O)c3cccnc23 ,-3397.94624
CCN2c1cc(OC)cc(C)c1NC(=O)c3cccnc23 ,-3343.64961
CCN2c1cc(Cl)ccc1NC(=O)c3cccnc23 ,-3002.14444
O2c1cc(C)ccc1N(C)C(=O)c3cc(N)cnc23 ,-3043.72073
CCN2c1ccccc1N(C)C(=O)c3cccnc23 ,-2898.27296
CCN2c1nc(N(C)(CCO))ccc1NC(=O)c3cccnc23 ,-3742.98021
C2c1ccccc1N(CCF)C(=O)c3ccccc23 ,-3101.21688
O2c1ccccc1N(CC)C(=O)c3ccccc23 ,-2794.09493
OCC2OC(Oc1ccccc1CO)C(O)C(O)C2O,-3906.84663
NC(=O)c1ccccc1O,-1731.13862
c1ccccc1NC(=O)c2c(O)cccc2,-2521.92311
CC3C2CCC1(C)C=CC(=O)C(=C1C2OC3=O)C,-2971.46658
O=C1NC(=O)NC(=O)C1(C(C)CCC)CC=C,-2976.70748
CC1CCCCC1NC(=O)Nc2ccccc2,-2658.30149
CCNc1nc(Cl)nc(NCC)n1 ,-2220.09475
CSc1nc(nc(n1)N(C)C)N(C)C,-2292.51766
OCC(O)C(O)C(O)C(O)CO,-2698.17765
CSCS(=O)CC(CO)NC(=O)C=Cc1c(C)[nH]c(=O)[nH]c1=O,-4242.78346
CC(=O)SC4CC1=CC(=O)CCC1(C)C5CCC2(C)C(CCC23CCC(=O)O3)C45,-4739.27947
CCCCOc1ccc(C(=O)OCC)c(c1)N(CC)CC ,-3525.27597
CC34CCC1C(CCC2CC(=O)CCC12C)C3CCC4O ,-3331.20936
COP(=O)(OC)OC(=CCl)c1cc(Cl)c(Cl)cc1Cl,-3776.66316
C=Cc1ccccc1,-1089.76822
C1OC1c2ccccc2 ,-1384.32663
O=C1CCC(=O)N1,-1336.58278
OCC2OC(OC1(CO)OC(CO)C(O)C1O)C(O)C(O)C2O ,-5019.58299
NC(=N)NS(=O)(=O)c1ccc(N)cc1 ,-2507.03854
CCN(CC)C(=S)SCC(Cl)=C,-1978.11332
Nc1ccc(cc1)S(N)(=O)=O,-1984.94301
CCC(C)C1(CC=C)C(=O)NC(=O)NC1=O,-2826.83168
CC(C)(C)c1ccccc1,-1417.54021
C/C=C/C=O,-866.98709
Fc1cccc(F)c1C(=O)NC(=O)Nc2cc(Cl)c(F)c(Cl)c2F ,-5160.36407
Cc1[nH]c(=O)n(c(=O)c1Cl)C(C)(C)C,-2512.30818
CCOP(=S)(OCC)SCSC(C)(C)C,-2688.71128
CCNc1nc(NC(C)(C)C)nc(OC)n1,-2711.73128
CCNc1nc(NC(C)(C)C)nc(SC)n1,-2593.62471
CC12CCC3C(CCC4=CC(=O)CCC34C)C2CCC1O,-3303.6019
CC(=O)OC3CCC4C2CCC1=CC(=O)CCC1(C)C2CCC34C ,-3871.87283
CCC(=O)OC3CCC4C2CCC1=CC(=O)CCC1(C)C2CCC34C ,-4021.99539
BrC(Br)(Br)Br,-1012.13985
ClC(=C(Cl)Cl)Cl,-1312.44214
COc1c(O)c(Cl)c(Cl)c(Cl)c1Cl ,-2571.48541
ClC(Cl)(Cl)Cl,-1190.01635
CCCCCCCCCCCCCC,-2126.36813
Cc1c(F)c(F)c(COC(=O)C2C(C=C(Cl)C(F)(F)F)C2(C)C)c(F)c1F,-6394.60239
C1CCOC1,-894.65744
C1CCOCC1,-1044.58759
CN(C)C(=O)N(C)C ,-1444.18265
O=C1N(C2CCC(=O)NC2=O)C(=O)c3ccccc13,-3286.16816
Cn1cnc2n(C)c(=O)[nH]c(=O)c12 ,-2303.54458
Cn1c(=O)n(C)c2nc[nH]c2c1=O,-2303.4419
CS(=O)(=O)c1ccc(cc1)C(O)C(CO)NC(=O)C(Cl)Cl ,-4050.26844
CCCC(C)C1(CC=C)C(=O)NC(=S)NC1=O ,-2857.4522
c1ccccc1SC,-1144.35691
CNC(=O)ON=C(CSC)C(C)(C)C ,-2487.81108
CCSCCSP(=S)(OC)OC,-2238.3615
CCCC(C)C1(CC)C(=O)NC(=S)NC1=O ,-2735.36837
c1ccsc1,-721.46794
Sc1ccccc1,-994.54005
Sc1nccc(=O)[nH]1 ,-1389.80738
NC(=S)N,-726.24391
CN(C)C(=S)SSC(=S)N(C)C ,-1977.86062
Cc1c[nH]c(=O)[nH]c1=O ,-1659.18156
CC(C)c1ccc(C)cc1O,-1713.16087
Cc1ccccc1,-967.72237
CC(C)(C)Cc1ccccc1,-1567.60279
C/C1CCC(\C)CC1,-1199.66991
CCCC/C=C/C,-1049.11397
CC/C=C/C,-749.1899
CC(C)(C)C(=O)C(Oc1ccc(Cl)cc1)n2cncn2,-3350.38712
CC(C)N(C(C)C)C(=O)SCC(Cl)=C(Cl)Cl,-2904.09035
CC34CC(O)C1(F)C(CCC2=CC(=O)C=CC12C)C3CC(O)C4(O)C(=O)CO,-5181.66977
CC5(C)OC4CC3C2CCC1=CC(=O)C=CC1(C)C2(F)C(O)CC3(C)C4(O5)C(=O)CO ,-5604.30534
CC(=O)OCC(=O)C3(O)C(CC4C2CCC1=CC(=O)C=CC1(C)C2(F)C(O)CC34C)OC(C)=O ,-6318.45116
Nc3nc(N)c2nc(c1ccccc1)c(N)nc2n3,-2925.46929
Cc3nnc4CN=C(c1ccccc1Cl)c2cc(Cl)ccc2n34,-3527.19408
BrC(Br)Br,-803.39601
NS(=O)(=O)c2cc1c(NC(NS1(=O)=O)C(Cl)Cl)cc2Cl ,-3984.88744
COP(=O)(OC)C(O)C(Cl)(Cl)Cl,-2758.78266
NS(=O)(=O)c2cc1c(NC(NS1(=O)=O)C(Cl)Cl)cc2Cl ,-3984.99447
ClC(Cl)(Cl)C#N,-1231.62754
ClC=C(Cl)Cl,-1059.16294
ClC(Cl)Cl,-936.78386
CCOP(=S)(CC)Oc1cc(Cl)c(Cl)cc1Cl,-3136.54666
Oc1cc(Cl)ccc1Oc2ccc(Cl)cc2Cl,-2959.15451
Cc1ccc(OP(=O)(Oc2cccc(C)c2)Oc3ccccc3C)cc1,-4222.58667
Cc2cccc3sc1nncn1c23 ,-1934.13218
CCNc1nc(Cl)nc(n1)N(CC)CC,-2519.78363
CCOP(=O)(OCC)OCC,-2299.49569
CCCN(CCC)c1c(cc(cc1N(=O)=O)C(F)(F)F)N(=O)=O,-4944.40313
ClC(Cl)(Cl)C(NC=O)N1C=CN(C=C1)C(NC=O)C(Cl)(Cl)Cl ,-4299.79958
COc2cc1c(N)nc(nc1c(OC)c2OC)N3CCN(CC3)C(=O)OCC(C)(C)O ,-5550.55605
c1ccc2c(c1)c3ccccc3c4ccccc24,-2372.42401
Nc1ncnc2n(ccc12)C3OC(CO)C(O)C3O ,-3466.00373
O=c1cc[nH]c(=O)[nH]1 ,-1509.08566
NC(=O)N,-845.31532
O=c2[nH]c(=O)c1[nH]c(=O)[nH]c1[nH]2 ,-2299.75945
CCCCC=O,-1044.67224
CNC(=O)C(C)SCCSP(=O)(OC)(OC),-3125.27735
CC1(OC(=O)N(C1=O)c2cc(Cl)cc(Cl)c2)C=C,-3201.2245
CC(=O)CC(c1ccccc1)c3c(O)c2ccccc2oc3=O ,-3730.59445
Cc1cccc(C)c1NC(=O)c2cc(c(Cl)cc2O)S(N)(=O)=O,-4042.7829
CNC(=O)Oc1cc(C)cc(C)c1,-2181.17746
